02,11,22,12,10,01,21,00,20,
11,21,01,20,22,00,10,02,12,
20,11,22,21,01,10,12,00,02,
22,10,20,21,00,11,01,12,
02,11,12,22,00,01,10,20,21,
21,11,20,00,22,
02,11,22,12,10,01,21,00,20,
11,21,01,20,22,00,10,02,12,
20,11,22,21,01,10,12,00,02,
22,10,20,21,00,11,01,12,
02,11,12,22,00,01,10,20,21,
21,11,20,00,22,
00,12,10,20,02,11,01,
20,11,00,21,10,
20,11,22,21,01,12,10,02,00,
11,22,12,00,10,
11,20,22,00,10,01,21,02,
11,02,10,12,22,21,00,
01,22,12,11,20,00,
11,21,00,12,22,
00,20,11,22,21,02,01,
11,00,22,20,10,02,01,12,21,
11,20,22,00,21,10,
00,11,10,20,02,01,12,21,
22,11,01,10,12,02,00,21,20,
11,22,21,12,01,
01,20,00,02,11,21,22,
02,11,12,22,01,00,
10,02,11,12,22,00,01,20,21,
00,11,20,10,12,21,02,01,
10,21,11,20,12,
11,02,00,22,12,20,10,
11,12,00,01,22,
11,20,00,22,21,02,01,
21,02,22,11,20,
00,21,11,22,20,02,10,
11,22,21,12,01,
02,12,00,11,01,
11,21,22,12,00,
11,02,21,01,00,22,12,10,20,
11,22,02,20,21,00,01,
12,11,22,21,02,
11,20,00,22,21,02,01,
20,11,00,10,12,01,21,02,22,
22,20,02,00,12,
11,00,01,21,10,22,20,02,12,
21,00,11,20,01,
00,11,22,01,20,21,
12,11,02,22,00,10,01,
01,21,10,11,00,02,20,
11,02,00,21,22,
22,01,21,20,02,10,00,11,12,
11,00,01,02,21,
11,01,02,20,22,00,10,12,21,
11,00,02,20,10,01,21,12,22,
11,01,02,20,22,00,21,12,10,
11,02,01,21,22,00,12,10,20,
21,02,22,01,20,
11,02,01,21,00,22,10,12,
11,02,01,12,21,
22,11,02,12,10,01,21,00,20,
11,22,21,02,01,
10,11,00,21,20,
11,02,12,10,01,00,22,20,
11,22,10,12,02,20,21,00,01,
01,11,21,00,22,20,02,10,
20,01,21,22,00,12,02,10,11,
11,12,02,20,00,21,01,
11,20,00,22,21,02,01,
02,11,00,01,21,10,12,20,22,
11,22,21,12,01,
11,22,12,20,10,
11,00,12,10,20,02,01,21,22,
11,02,22,00,12,01,
21,11,10,22,00,20,02,01,12,
02,11,01,10,00,
11,22,01,21,12,20,
20,00,21,22,11,01,02,
02,11,22,12,10,01,21,00,20,
11,21,01,20,22,00,10,02,12,
20,11,22,21,01,10,12,00,02,
22,10,20,21,00,11,01,12,
02,11,12,22,00,01,10,20,21,
21,11,20,00,22,
00,12,10,20,02,11,01,
20,11,00,21,10,
20,11,22,21,01,12,10,02,00,
11,22,12,00,10,
02,11,22,12,10,01,21,00,20,
11,21,01,20,22,00,10,02,12,
20,11,22,21,01,10,12,00,02,
22,10,20,21,00,11,01,12,
02,11,12,22,00,01,10,20,21,
21,11,20,00,22,
00,12,10,20,02,11,01,
20,11,00,21,10,
20,11,22,21,01,12,10,02,00,
11,22,12,00,10,
02,11,22,12,10,01,21,00,20,
11,21,01,20,22,00,10,02,12,
20,11,22,21,01,10,12,00,02,
22,10,20,21,00,11,01,12,
02,11,12,22,00,01,10,20,21,
21,11,20,00,22,
00,12,10,20,02,11,01,
20,11,00,21,10,
20,11,22,21,01,12,10,02,00,
11,22,12,00,10,
02,11,22,12,10,01,21,00,20,
11,21,01,20,22,00,10,02,12,
20,11,22,21,01,10,12,00,02,
22,10,20,21,00,11,01,12,
02,11,12,22,00,01,10,20,21,
21,11,20,00,22,
00,12,10,20,02,11,01,
20,11,00,21,10,
20,11,22,21,01,12,10,02,00,
11,22,12,00,10,
02,11,22,12,10,01,21,00,20,
11,21,01,20,22,00,10,02,12,
20,11,22,21,01,10,12,00,02,
22,10,20,21,00,11,01,12,
02,11,12,22,00,01,10,20,21,
21,11,20,00,22,
00,12,10,20,02,11,01,
20,11,00,21,10,
20,11,22,21,01,12,10,02,00,
11,22,12,00,10,
02,11,22,12,10,01,21,00,20,
11,21,01,20,22,00,10,02,12,
20,11,22,21,01,10,12,00,02,
22,10,20,21,00,11,01,12,
02,11,12,22,00,01,10,20,21,
21,11,20,00,22,
00,12,10,20,02,11,01,
20,11,00,21,10,
20,11,22,21,01,12,10,02,00,
22,11,02,00,10,01,12,
20,22,00,12,01,02,
00,11,22,21,01,02,20,12,10,
11,00,01,20,02,22,10,21,
20,11,21,22,12,00,
12,11,22,02,20,21,00,01,
00,11,10,20,02,01,12,21,
01,20,22,21,00,02,10,11,
21,22,11,00,20,01,02,
22,02,01,20,21,11,
22,11,02,00,10,01,12,
20,22,00,12,01,02,
00,11,22,21,01,02,20,12,10,
11,00,01,20,02,22,10,21,
20,11,21,22,12,00,
12,11,22,02,20,21,00,01,
00,11,10,20,02,01,12,21,
01,20,22,21,00,02,10,11,
21,22,11,00,20,01,02,
22,02,01,20,21,11,
22,11,02,00,10,01,12,
20,22,00,12,01,02,
00,11,22,21,01,02,20,12,10,
11,00,01,20,02,22,10,21,
20,11,21,22,12,00,
12,11,22,02,20,21,00,01,
00,11,10,20,02,01,12,21,
01,20,22,21,00,02,10,11,
21,22,11,00,20,01,02,
22,02,01,20,21,11,
22,11,02,00,10,01,12,
20,22,00,12,01,02,
00,11,22,21,01,02,20,12,10,
11,00,01,20,02,22,10,21,
20,11,21,22,12,00,
12,11,22,02,20,21,00,01,
00,11,10,20,02,01,12,21,
01,20,22,21,00,02,10,11,
21,22,11,00,20,01,02,
22,02,01,20,21,11,
22,11,02,00,10,01,12,
20,22,00,12,01,02,
00,11,22,21,01,02,20,12,10,
11,00,01,20,02,22,10,21,
20,11,21,22,12,00,
12,11,22,02,20,21,00,01,
00,11,10,20,02,01,12,21,
01,20,22,21,00,02,10,11,
21,22,11,00,20,01,02,
22,02,01,20,21,11,
22,11,02,00,10,01,12,
20,22,00,12,01,02,
00,11,22,21,01,02,20,12,10,
11,00,01,20,02,22,10,21,
20,11,21,22,12,00,
12,11,22,02,20,21,00,01,
00,11,10,20,02,01,12,21,
01,20,22,21,00,02,10,11,
21,22,11,00,20,01,02,
22,02,01,20,21,11,
